type_client,0,Particulier
type_client,1,Professionnel
type_client,99,Non renseigné
civilite,0,M
civilite,1,Mme
civilite,2,Mlle
civilite,99,Non renseigné
civilite,999,Inconnu
sexe,0,Homme
sexe,1,Femme
sexe,999,Inconnu
couleur_preferee,1,blanc
couleur_preferee,2,bleu
couleur_preferee,3,gris
couleur_preferee,4,jaune
couleur_preferee,5,marron
couleur_preferee,6,noir
couleur_preferee,7,orange
couleur_preferee,8,rose
couleur_preferee,9,rouge
couleur_preferee,10,vert
couleur_preferee,11,Violet
couleur_preferee,99,Non renseigné
couleur_preferee,999,Inconnu
Fidelite,1,Or
Fidelite,2,Argent
Fidelite,3,Bronze
Fidelite,4,Nouveau
Fidelite,999,Inconnu